{"inputUnits":[34],"outputUnits":3,"inputs":{"0":{"dtype":"number","min":306.9343284324363,"max":395.59749848661363},"1":{"dtype":"number","min":6.959823995073393,"max":285.27264332910727},"2":{"dtype":"number","min":320.0122607195819,"max":394.4434206481101},"3":{"dtype":"number","min":1.050343355472549,"max":248.872303507249},"4":{"dtype":"number","min":285.3478777850116,"max":391.68347453513337},"5":{"dtype":"number","min":-2.350110059593163,"max":249.79824608994272},"6":{"dtype":"number","min":328.1043253818683,"max":422.78349194145574},"7":{"dtype":"number","min":10.936497024625353,"max":224.91686369243422},"8":{"dtype":"number","min":249.989796539961,"max":372.4558042410986},"9":{"dtype":"number","min":-9.81629191318683,"max":226.77361977263035},"10":{"dtype":"number","min":338.48535816571865,"max":464.1027992650082},"11":{"dtype":"number","min":74.56220660293312,"max":355.35651848330133},"12":{"dtype":"number","min":225.13817383764314,"max":296.13344159042623},"13":{"dtype":"number","min":55.78030591819717,"max":326.8735389635112},"14":{"dtype":"number","min":367.12847555357575,"max":512.6957782946134},"15":{"dtype":"number","min":177.18276233933358,"max":546.0087636014406},"16":{"dtype":"number","min":160.4922967208059,"max":265.2190347117522},"17":{"dtype":"number","min":159.23456816645393,"max":538.275303422359},"18":{"dtype":"number","min":356.73631753605474,"max":499.86376570911665},"19":{"dtype":"number","min":92.71015724940605,"max":562.6726884451525},"20":{"dtype":"number","min":165.0119417127345,"max":302.7680766977529},"21":{"dtype":"number","min":73.43962016858552,"max":548.5371354309439},"22":{"dtype":"number","min":326.99088470280515,"max":436.24714306688213},"23":{"dtype":"number","min":225.41029783252617,"max":553.3984773572657},"24":{"dtype":"number","min":252.51267877470912,"max":301.98555632176686},"25":{"dtype":"number","min":221.68284752680313,"max":535.4627728973447},"26":{"dtype":"number","min":326.2045674760904,"max":481.64447509289715},"27":{"dtype":"number","min":320.4282338995682,"max":550.1858211167839},"28":{"dtype":"number","min":177.0807872274001,"max":304.394741244251},"29":{"dtype":"number","min":298.5284934685244,"max":549.3189773410849},"30":{"dtype":"number","min":336.65005570499056,"max":516.205304538065},"31":{"dtype":"number","min":401.8149237976669,"max":561.2965473375822},"32":{"dtype":"number","min":171.71176724498963,"max":302.47511092217576},"33":{"dtype":"number","min":402.435267933628,"max":562.0231789036801}},"outputs":{"0":{"dtype":"number","min":169,"max":255},"1":{"dtype":"number","min":0,"max":255},"2":{"dtype":"number","min":0,"max":255}},"isNormalized":true}